{
  "avg_latency": 21.495870689486544,
  "max_latency": 30.943799999931798,
  "clipping_events": 6,
  "runtime": 11.019062280654907
}